{"RecordNumber":61391,"Zipcode":76166,"ZipCodeType":"UNIQUE","City":"CINGULAR WIRELESS","State":"TX","LocationType":"NOT ACCEPTABLE","Lat":32.72,"Long":-97.31,"Xaxis":-0.1,"Yaxis":-0.83,"Zaxis":0.54,"WorldRegion":"NA","Country":"US","LocationText":"Cingular Wireless, TX","Location":"NA-US-TX-CINGULAR WIRELESS","Decommisioned":false}
{"RecordNumber":61392,"Zipcode":76177,"ZipCodeType":"STANDARD","City":"FORT WORTH","State":"TX","LocationType":"PRIMARY","Lat":32.75,"Long":-97.33,"Xaxis":-0.1,"Yaxis":-0.83,"Zaxis":0.54,"WorldRegion":"NA","Country":"US","LocationText":"Fort Worth, TX","Location":"NA-US-TX-FORT WORTH","Decommisioned":false,"TaxReturnsFiled":2126,"EstimatedPopulation":4053,"TotalWages":122396986}
{"RecordNumber":61393,"Zipcode":76177,"ZipCodeType":"STANDARD","City":"FT WORTH","State":"TX","LocationType":"ACCEPTABLE","Lat":32.75,"Long":-97.33,"Xaxis":-0.1,"Yaxis":-0.83,"Zaxis":0.54,"WorldRegion":"NA","Country":"US","LocationText":"Ft Worth, TX","Location":"NA-US-TX-FT WORTH","Decommisioned":false,"TaxReturnsFiled":2126,"EstimatedPopulation":4053,"TotalWages":122396986}